url,label,final_url,status_code,elapsed_ms,title,text_snippet,form_count,has_password_input,has_email_input,external_form_action,content_type,error
http://www.3659m.com/,1,http://www.3659m.com/,200,1578,伟德国际victor1946,"伟德国际victor1946 下拉菜单 伟德国际victor1946环？萍加邢薰 18901473818 首页 关于伟德国际victor1946 公司简介 愿景与使命 核心价值观 新闻资讯 企业新闻 行业动态 产品中心 扫路机系列 洗地机系列 清运车系列 冲洗车系列 保洁车系列 其他系列 行业应用 行业应用 客户案例 服务支持 售后服务 常见问题 联系伟德国际victor1946 联系方式 诚招代理 在线留言 不断创新，推动清洁行业进步 通过伟德国际victor1946科技创新与服务，致力于创造一个更清洁，更安全，更健康的世界。 精益求精 铸造高品质产品 伟德国际victor1946扫地机系列产品 XINHAO SWEEPER SERIES 轻松应对各类场所，清洁效率更高，省力更省钱 适用于市政环卫、工矿企业、园林绿化、商超管理、以及物业小区等各行业 以客户需求为中心的伟德国际victor1946发伟德国际victor1946 根据客户现场环境和实际工况需求，免费制订全套清洁解决方案，让客户更省心。 售后质保，快速响应 7*24小时响应，全国售后联保，客户信息存档，免费定期巡检，免费教机培训。 产品中心 我们持续为用户提供安全、可靠的清洁环保设备，包括扫路机、扫路车、清洗设备、除尘设备等等。帮助客户降低成本，同时改善我们的环境。 扫路机系列 胶体免维护蓄电池，工作平稳可靠，寿命长。内置真空吸尘系统，有效抑制扬尘。电动振尘系统，免人工清洁滤网。 + 扫路机系列 适用于各行各业，作业效率高，效果好，机器所到之处清洗一干二净，洗刷吸干过的地面，无残留水！ + 请运车系列 冲洗车系列 保洁车系列 观光车系列 关于伟德国际victor1946 致力于创造一个更清洁、更安全、更健康的世界 Working to create a cleaner, safer and healthier world 伟德国际victor1946环？萍加邢薰荆ㄔ拔暗鹿蕍ictor1946伟德国际victor1946电器有限公司”）,是在改革开放中成长起来的民营企业。是一家集科伟德国际victor1946、生产、销售于一体的环保设备（扫路机、扫路车、清洗设备、除尘设备），仪器伟德国际victor1946制造企业。公司继承了伟德国际victor1946电器生产过程中的严谨认真、精益求精的精神，生产高质量的产品。 公司拥有成熟的设计理念和专业的开发团队，目前已经开发了全系列多个型号的扫路机产品，可满足市政环卫；工矿企业；码头；公园以及物业等各种场合的应用。为保证零部件的标准化生产，公司投入了智能化的数控设备和大量的模具；同时拥有专业的检验团队，严把质量关，把稳定可靠的产品交到客户手中。 查看更多 为什么选择我们 十多年致力于清洁设备的伟德国际victor1946发、生产、销售与服务，全程质量跟踪，精工品质保障。 品类齐全 Complete 伟德国际victor1946拥有成熟的设计理念和专业的开发团队，目前已经开发了全系列多个型号的扫路机产品。 质量保障 Quality Assurance 凭借新的技术、高要求的生产设备，我们的产品质量稳定、结构合理、性能可靠、使用寿命长。 方案免费 Plan for Free 根据客户现场环境和实际工况需求，免费制订全套清洁解决方案，让客户更省心。 服务无忧 Service Worry-free 我们建立了完善的服务网络，让你不管身在何处，都能享受到贴心无忧的售后服务。 行业应用 伟德国际victor1946的产品可满足市政环卫、工矿企业、园林绿化、商超管理、以及物业小区等各种场合使用。用户的满意是我们的宗旨，用心做好产品是我们的责任，我们将凭借新的技术、高要求的生产设备与可持续的服务和技术支持政策，这一切都使我们有伟德国际victor1946帮助客户降低成本，同时改善我们的环境。 查看更多 商超管理 市政环卫 工矿企业 园林绿化 物业小区 商超管理 市政环卫 工矿企业 园林绿化 物业小区 新闻资讯 眼观行业热点，伟德国际victor1946公司动态，欢迎您的关注！ 全自动洗地机的使用成本是其市场取胜的关键 社会伟德国际victor1946水平已经非常高了，生活工作重出现了许许多多的伟德国际victor1946化、智能化设备，发挥了重大作用。在保洁行... 2020-10-22 + 生活水平快速伟德国际victor1946，物业扫地车愈发受到各小区青睐 随着社会现代化水平的快速伟德国际victor1946，人们物质生活水平的不断提高，国家对环境卫生的重视程度也在不断加大。... 2020-10-19 + 洗地机的使用领域及适用地面介绍 随着洗地机的普及，现伟德国际victor1946来越多的商企选择了洗地机作为日常保洁工作的主要工具。不过伴随着选择也影响... 2020-10-19 + 查看更多 关于伟德国际victor1946 公司简介 愿景与使命 核心价值观 新闻资讯 企业新闻 行业动态 产品中心 扫路机系列 洗地机系列 清运车系列 冲洗车系列 保洁车系列 其他系列 行业应用 行业应用 客户案例 服务支持 售后服务 常见问题 联系伟德国际victor1946 销售热线： 18901473818 公司伟德国际victor1946地址：江苏海安李堡新工业园 公司伟德国际victor1946电话： 0513-88339588 电子邮箱： xh@xhdqs.com 版权所有 © 2020 伟德国际victor1946环？萍加邢薰 苏ICP备16062603号-1 苏公网安备32062102001123号 隐私条款 技术支持：HUOSU 友情链接： 最好玩的捕鱼app 亚星官方网 尊龙凯时网站",0,0,0,0,text/html,
http://rcu6.com/,1,https://3544.5u2p.com,200,1363,,,0,0,0,0,text/html,
http://aimrg.com/,1,https://www.aimrg.com/,200,3903,"Property Management in Oak Brook, IL | Aim Realty Group","Property Management in Oak Brook, IL | Aim Realty Group Home Rental Properties & Vacancies Salon Suites FAQs Contact Us Contact Details Phone: (630) 572-9100 Email: office@aimrg.com ﻿ Tenant Portal Home Rental Properties & Vacancies Salon Suites Management Inquiries FAQs Contact Us Tenant Portal AIM Realty Group Managing Chicago’s Western Suburbs Since 1997 Tenant Portal Aim Realty Group provides all tenants with a tenant portal. Any maintenance items or even just general questions should be submitted in writing through the tenant portal under “Request Maintenance” tab. Leases and extensions are also signed through the online portal. Rent payments are also made through the online portal with the option to use a credit card, debit card or ACH (E-Check) option. Aim Realty Group highly recommends using the ACH E-Check option as there is no processing fee. Tenant Portal Contact Us Fill out the form below and we will get back to you as soon as possible. Contact Us Full Name Email Subject Message Thank you for contacting us. We will get back to you as soon as possible Oops, there was an error sending your message. Please try again later Frequently Asked Questions Got a question? We're here to help! Why Aim Realty Group? Choose Aim Realty Group for your real estate needs, where our experienced professionals, well-versed in the market, provide trustworthy property management services. With a diverse portfolio, we cater to various preferences, ensuring hassle-free property management that benefits both owners and tenants. With the help of our local knowledge and trustworthy guidance, our tenant-centric approach promotes positive real estate experiences. Tailored advice for investors ensures strategic property management , and our user-friendly application process adds ease to the overall experience. Aim Realty Group's commitment to excellence and property management expertise makes us a preferred choice in the real estate market. What types of rental/commercial/mixed use properties does Aim Realty Group manage? Aim Realty Group manages a wide range of rental, commercial, and mixed use properties, including single-family homes, townhouses, condos, and multi-unit apartment buildings. Our portfolio caters to various preferences and needs. For property owners, we provide comprehensive management services to simplify the rental experience. Read More Property Management in Chicago Contact Details Phone: (630) 572-9100 Email: office@aimrg.com Address: 600 Enterprise Dr., Ste 120 Oak Brook, Illinois 60523 © 2026 All Rights Reserved | Aim Realty Group Share by:",1,0,1,0,text/html,
http://s3666.com/,1,,0,15386,,,0,0,0,0,,timeout
http://fbet988.com/,1,http://fbet988.com/,403,1941,,,0,0,0,0,text/html,status:403
http://sun12.com/,1,http://sun12.com/,200,1083,,,0,0,0,0,text/html,
http://www.3656rr.com/,1,http://www.3656rr.com/,200,1808,"凯发-感恩有你,一路同行","凯发-感恩有你,一路同行 404 Not Found nginx",0,0,0,0,text/html,
http://bet988z.com/home,1,https://www.hugedomains.com/domain_profile.cfm?d=bet988z.com,200,2774,bet988z.com is for sale | HugeDomains,"bet988z.com is for sale | HugeDomains Skip to main content Search +1-303-893-0552 Home FAQs About us Contact us My account My favorites Shopping cart bet988z.com Buy now: $995 ▸ Buy now Processing or ▸ Start payment plan Processing Only $41.46/mo. for 24 months See details 30-day money back guarantee Take immediate ownership Safe and secure shopping bet988z.com This domain is for sale: $995 Buy now for $995 or pay $41.46 per month for 24 months ▸ Buy now Processing or ▸ Start payment plan Processing Make 24 monthly payments Pay 0% interest Start using the domain today. See details Make 24 monthly payments Pay 0% interest Start using the domain today. See details This domain is for sale: $995 ▸ Buy now Processing or ▸ Start payment plan Processing Only $41.46/mo. for 24 months See details Favorite Questions? Talk to a domain expert: 1‑303‑893‑0552 Enjoy zero percent financing Quick delivery of the domain Safe and secure shopping Since 2005, we've helped thousands of people get the perfect domain name K Great service! - Kofi Yeboah, April 22, 2026 Y Purchase went smooth. - Yvonne Perkins, April 21, 2026 T Huge domains is always a pleasure to deal with and the payment plan to pay off domains is absolutely exquisite. - Tony Ciccocelli, April 21, 2026 A It worked smoothly so far, as I bought domain with a payment plan. - Aivar Podra, April 20, 2026 C Perfect transaction. Highly recommend. - Caesare Belvano, April 20, 2026 See more testimonials Our promise to you 30-day money back guarantee HugeDomains provides a 100% satisfaction guarantee on every domain name that we sell through our website. If you buy a domain and are unhappy with it, we will accept the return within 30 days and issue a full refund – no questions asked. Quick delivery of the domain In most cases access to the domain will be available within one to two hours of purchase, however access to domains purchased after business hours will be available within the next business day. Safe and secure shopping Your online safety and security is our top priority. We understand the importance of protecting your personal information. We protect your information through SSL encryption technology, providing the safest, most secure shopping experience possible. Additionally, you may checkout with PayPal or Escrow.com. FAQs See more FAQs How do I transfer to another registrar such as GoDaddy? Yes, you can transfer your domain to any registrar or hosting company once you have purchased it. Since domain transfers are a manual process, it can take up to 5 days to transfer the domain. Domains purchased with payment plans are not eligible to transfer until all payments have been made. Please remember that our 30-day money back guarantee is void once a domain has been transferred. For transfer instructions to GoDaddy, please click here . How do I get the domain after the purchase? Once you purchase the domain we will push it into an account for you at our registrar, NameBright.com, we will then send you an email with your NameBright username and password. In most cases access to the domain will be available within one to two hours of purchase, however access to domains purchased after business hours will be available within the next business day. What comes with the domain name? Nothing else is included with the purchase of the domain name. Our registrar NameBright.com does offer email packages for a yearly fee, however you will need to find hosting and web design services on your own. Do you offer payment plans? Yes we offer payment plans for up to 12 months. See details . How do I keep my personal information private? If you wish the domain ownership information to be private, add WhoIs Privacy Protection to your domain. This hides your personal information from the general public. To add privacy protection to your domain, do so within your registrar account. NameBright offers WhoIs Privacy Protection for free for the first year, and then for a small fee for subsequent years. Whois inf",3,0,0,0,text/html,
http://bet3659k.com/,1,https://www87hg3.cc,200,6160,Welcome,Welcome 正在进行安全检测 请 点 击 继 续 访 问,0,0,0,0,text/html,
http://dd365m.com/,1,http://dd365m.com/,200,3261,鸿运国际·(中国)集团,"鸿运国际·(中国)集团 首页 关于鸿运国际 鸿运国际简介 企业愿景 荣誉资质 匠心之作 青铜雕塑 不锈钢雕塑 精品案例 青铜雕塑 青铜肖像 锻造雕塑 艺术浮雕 新闻动态 鸿运国际 行业动态 联系我们 联系方式 招贤纳士 01 ABOUT US 雕之精髓，塑之形体 鸿运国际始于1972年，发轫于中国泥塑之乡——湖北黄陂， ”是湖北地区雕塑艺术铸造的民营企业、中国铸造协会艺术铸造分会理事单位、华中地区大型专业化雕塑公司。” 经营范围涵盖雕塑工程的艺术创作设计、艺术造型、制造、安装施工和艺术雕塑维护保养等。 同时公司研发推广中国文化艺术产品。 鸿运国际简介 荣誉资质 企业愿景 传承华夏之艺，吸纳世界潮流 INHERIT THE CHINESE ART, ABSORB THE WORLD TREND 为了国家级非物质文化遗产保护项目——失蜡法铸造的不断传承和创新，在近四十年的时间里，我们鸿运国际雕塑从蹒跚起步，再到砥砺前行，始终持初心、践匠行，为弘扬中华青铜文化做出自己应做的贡献。 更多详细 铸造精典工程，塑造城市之美 CASTING CLASSIC PROJECTS, SHAPING THE BEAUTY OF THE CITY 更多详细 民族风韵，共展乾坤 NATIONAL CHARM, A TOTAL EXHIBITION UNIVERSE 08-31 2022 “中国姿态——共融共创”第三届温州雕塑展复审公示 2022年4月1日，“中国姿态——共融共创”第三届温州雕塑展复审会在北京顺利举办。本着对雕塑展艺术质量负责任的态度，现将入选作品方案在中国雕塑学会官方网站(http://www.csin.org.cn/)公示，听取公众意见。 08-30 2022 《艺术赋能乡村振兴——龙浔镇大坂村艺术家村十年规划战略合作框架协议》签约仪式在京顺利举办 2022年8月26日，中国雕塑学会、上海美术学院与德化县人民政府在京签署《艺术赋能乡村振兴——龙浔镇大坂村艺术家村十年规划战略合作框架协议》。本次战略合作将以全新理念助力德化升级产业特色，拓宽产业发展新视野。 08-30 2022 景观园林雕塑作品存在的价值什么 每一个室内空间行业雕塑的主题风格应该与室内空间的文化底蕴相同。大多数情况之下，在房屋的自然环境之中建造标志性雕塑是不适当的。通常来说，他们主要是根据大家都喜欢看的主题风格 精雕细琢雅致，作品栩栩如生 EXQUISITELY CRAFTED AND ELEGANT, THE WORK IS LIFELIKE 电话： 027-88850010 手机： 13554406000 地址：湖北省武汉市江夏区黄金南路特8-3号 邮箱： 55471775@qq.com 关注我们 版权所有：鸿运国际 网站建设： 中企动力 武汉 SEO 中文网址：鸿运国际雕塑.在线 京ICP备10002622号-38 联系我们 027-88850010 55471775@qq.com sitemap 、 网站地图 友情链接： 918博天堂 利来旗舰厅 yth游艇会 尊龙凯时人生就是搏 k8凯发国际 AG旗舰厅 sunbet申博 大红鹰dhy 918博天堂 yth游艇会 qy-千亿球友会 申博sunbet yth游艇会 sunbet申博 银河国际 腾博会 云顶集团 hjc888黄金城 银河国际 凯发k8国际",0,0,0,0,text/html,
http://dd365q.com/,1,http://dd365q.com/,200,4216,qy千亿-千亿(国际)唯一官方网站,qy千亿-千亿(国际)唯一官方网站 首页 关于千亿国际 千亿国际简介 公司优势 发展历程 服务项目 厂房二次维护 厂房二次防水 厂房二次翻新 | 防腐 厂房二次隔热 | 降温 厂房二次检修 | 加固 钢天沟二次防腐 | 防水 | 排水改善 通风气楼防水 | 通风器防水 采光板防水 | 阳光板防水 | 玻璃屋面防水 墙体窗户二次防水 | 窗户二次打胶 雨篷大门防水 屋面烟囱防水 | 屋面管道防水 | 墙体穿墙孔防水 厂房二次翻修 厂房墙屋面更换 | 搬迁 | 改建 厂房墙屋面加层 厂房局部维修 采光板 | 阳光板 | 通风器 维修更换 钢天沟维修更换 | 落水管维修更换 窗户 | 百叶窗 | 雨篷 | 大门 维修更换 金属（墙）屋面隔热翻新 金属屋面补漏 | 防水 金属屋面防腐 | 隔热 | 翻新 | 喷漆改色 金属屋面翻修 | 防风加固 | 包件修复更换 钢结构二次维护 检修检测 钢结构二次防腐翻新 | 喷漆改色 工程案例 厂房维护案例 厂房翻修案例 彩钢翻新隔热防水案例 分支机构 四川总部 重庆分部 陕西分部 千亿国际资讯 千亿国际动态 行业动态 联系我们 首页 关于千亿国际 千亿国际简介 公司优势 发展历程 服务项目 厂房二次维护 厂房二次防水 厂房二次翻新 | 防腐 厂房二次隔热 | 降温 厂房二次检修 | 加固 钢天沟二次防腐 | 防水 | 排水改善 通风气楼防水 | 通风器防水 采光板防水 | 阳光板防水 | 玻璃屋面防水 墙体窗户二次防水 | 窗户二次打胶 雨篷大门防水 屋面烟囱防水 | 屋面管道防水 | 墙体穿墙孔防水 厂房二次翻修 厂房墙屋面更换 | 搬迁 | 改建 厂房墙屋面加层 厂房局部维修 采光板 | 阳光板 | 通风器 维修更换 钢天沟维修更换 | 落水管维修更换 窗户 | 百叶窗 | 雨篷 | 大门 维修更换 金属（墙）屋面隔热翻新 金属屋面补漏 | 防水 金属屋面防腐 | 隔热 | 翻新 | 喷漆改色 金属屋面翻修 | 防风加固 | 包件修复更换 钢结构二次维护 检修检测 钢结构二次防腐翻新 | 喷漆改色 工程案例 厂房维护案例 厂房翻修案例 彩钢翻新隔热防水案例 分支机构 四川总部 重庆分部 陕西分部 千亿国际资讯 千亿国际动态 行业动态 联系我们 中文 ＥＮ 热线：400-867-6066 20余年厂房维护经验与您分享 为每一位客户提供一对一的技术咨询及解决方案 让您一次投入无后顾之忧 千亿国际厂房维护之家 为厂房维护而生，为钢构厂房而成长！ 千亿国际与您同行 让天下厂房风雨无忧！还旧金属一个焕然一新，青春永驻！ 我们的专业 中国工业厂房二次修缮维护引领者！ 为每一位客户提供一对一的专业技术咨询及解决方案 厂房二次维护 厂房二次防水、厂房二次翻新、厂房二次防腐、厂房二次隔热、厂房二次降温、厂房二次检修、厂房二次加固、天沟排水… 厂房二次翻修 厂房墙屋面更换、厂房墙屋面加层、厂房二次搬迁、厂房二次改建、厂房局部维修、采光板维修更换阳光板维修更换、… 金属（墙）屋面隔热翻新 金属（墙）屋面防水、金属（墙）屋面补漏、金属墙屋面防腐、金属墙屋面隔热、金属墙屋面翻修、金属墙屋面防风加固、金属墙… 钢结构二次维护 钢结构二次维修加固、钢结构二次检修检测、钢结构二次防腐翻新、钢结构二次搬迁改建、钢结构二次喷漆改色… 千亿国际简介 以旧彩钢金属（墙）屋面，厂房车间，钢结构，“二次翻修维护”为专长的千亿国际，是一家由“从事20余年厂房钢结构施工团队及技术团队”组建成集产品研发设计，工艺设计，材料应用，建筑物质量把控预控和现状改善的现代化服务企业，公司组建于2016年。公司致力于中高端钢结构厂房二次翻修，维护，修缮，检测，防水，防腐，翻新，隔热，保温，旧彩钢金属（墙）屋面检修，翻新防腐，喷漆改色，屋面排水改善，工艺缺陷修复，钢结构二次维护，加固，检测，翻新，防腐等业务领域服务于西南片区。 公司依托独有的20余年风雨磨炼历程，凭借牢实可靠的专业技术经验，不断探索攻克技术难题，对原材料品质性能的应用性组合式用料，产品适用性细化研究分析，为每一位客户提供一对一的技术咨询及解决方案，让您一次投入5-30年无后顾之忧。 查看更多 → 千亿国际简介 以厂房车间，钢结构“二次翻修维护”为专长的千亿国际，是一家由“从事于20余年厂房钢结构施工团队及技术团队”组建成集产品研发设计，材料应用，建筑物质量把控及改善的现代化服务企业，公司组建于…… 查看更多 → 成功案例 专业团队，专业技术，专业方案，与您携手！让天下金属风雨无忧！让建筑焕然一新，青春永驻！ 成都锦天门业生产车间金属屋面加固防水项目 成都新安捷塑料车间彩钢屋面翻新防水项目 四川省尊瑞门窗屋面修缮防水项目 成都市德兰建筑机械车间金属屋面修缮防水工程 四川亿邦建工机械厂房屋面修缮防水工程 成都方大远成金属屋面更换防水工程 查看更多案例 → 千亿国际资讯 最新的资讯动态内容与你分享 07-08 2019 可以信赖的金属二次维护公司 为您量身打造的一家钢构，厂房，彩钢金属二次 修缮维护防水公司，专业从事钢结构二次修缮， 维护，加固，防腐，翻新，喷漆改色，厂房二.... 07-08 2019 可以信赖的金属二次维护公司 为您量身打造的一家钢构，厂房，彩钢金属二次 修缮维护防水公司，专业从事钢结构二次修缮， 维护，加固，防腐，翻新，喷漆改色，厂房二.... 07-08 2019 可以信赖的金属二次维护公司 为您量身打造的一家钢构，厂房，彩钢金属二次 修缮维护防水公司，专业从事钢结构二次修缮， 维护，加固，防腐，翻新，喷漆改色，厂房二.... 07-08 2019 可以信赖的金属二次维护公司 为您量身打造的一家钢构，厂房，彩钢金属二次 修缮维护防水公司，专业从事钢结构二次修缮， 维护，加固，防腐，翻新，喷漆改色，厂房二.... 07-08 2019 可以信赖的金属二次维护公司 为您量身打造的一家钢构，厂房，彩钢金属二次 修缮维护防水公司，专业从事钢结构二次修缮， 维护，加固，防腐，翻新，喷漆改色，厂房二.... 07-08 2019 可以信赖的金属二次维护公司 为您量身打造的一家钢构，厂房，彩钢金属二次 修缮维护防水公司，专业从事钢结构二次修缮， 维护，加固，防腐，翻新，喷漆改色，厂房二.... 查看更多新闻→ 千亿国际 千亿国际首页 关于千亿国际 厂房二次维护 工程案例 千亿国际简介 厂房二次翻修 千亿国际资讯 千亿国际历程 钢结构二次维护 联系我们 千亿国际优势 彩钢金属(墙)屋面维护 总部办公地址 热线: 400-867-6066 传真: 028-83085571 Q Q: 1106282255 邮箱: scwqwx@163.com 疑难技术咨询: 13032876667 地址：绵阳市涪城区长虹大道北段58号 关注我们 公众号 微信二维码 ?千亿国际 版权所有 工信部ICP备案： 蜀ICP备19017191号-1 网站建设：河马建站 友情链接： 联系电话 400-867-6066 在线咨询 微信咨询 QQ咨询 回到顶部  点击通话  在线咨询 sitemap 、 网站地图 友情链接： AG旗舰厅 yth游艇会 hjc888黄金城 利来w66官网 永盈会 优发国际 pp电子 凯发k8国际 月博 月博 yth游艇会 大红鹰dhy 意大利贵宾会 yth游艇会 k8凯发国际 k8凯发国际 ug环球视讯 long8-龙8 云顶国际 腾博会,0,0,0,0,text/html,
http://3656nnn.com/,1,http://3656nnn.com/,200,1167,欢迎光临,欢迎光临 信誉保证 大额无忧 官方直营20年信誉品牌 链接检测中……,0,0,0,0,text/html,
http://bb836596.com/,1,http://bb836596.com/,200,1137,K8凯发娱乐,K8凯发娱乐 复制成功 您的浏览器不支持，请使用 Ctrl+D 或 截图 进行收藏,0,0,0,0,text/html,
http://cn.mxmgxk.com/,1,https://cn.mxmgxk.com/,200,1188,,,0,0,0,0,text/html,
http://lpjdc.com/,1,http://lpjdc.com/,200,2951,手动打开 pj77.com / 8205.com,手动打开 pj77.com / 8205.com,0,0,0,0,text/html,
http://3656oo.com/,1,http://3656oo.com/,200,3288,"凯发-感恩有你,一路同行","凯发-感恩有你,一路同行 404 Not Found nginx",0,0,0,0,text/html,
http://487365.com/,1,http://487365.com/,200,1956,,,0,0,0,0,text/html,
http://m.365089.com/,1,http://m.365089.com/,200,3639,,,0,0,0,0,text/html,
http://nmve.xyz/,1,http://nmve.xyz/,200,439,,,0,0,0,0,text/html,
http://4003659.com/,1,https://4003659.com:8989/verify-page/index.html,200,2302,验证,验证 提交 进入网站 在线客服,0,0,0,0,text/html,
http://0283659.com/,1,https://0283659.com:8989/verify-page/index.html,200,10240,验证,验证 提交 进入网站 在线客服,0,0,0,0,text/html,
http://bet988e.com/home,1,https://365dafa3.com,200,4655,Welcome,Welcome 正在进行安全检测 请 点 击 继 续 访 问,0,0,0,0,text/html,
http://bet988d.com/,1,https://www.hugedomains.com/domain_profile.cfm?d=bet988d.com,200,4395,bet988d.com is for sale | HugeDomains,"bet988d.com is for sale | HugeDomains Skip to main content Search +1-303-893-0552 Home FAQs About us Contact us My account My favorites Shopping cart bet988d.com Buy now: $2,995 ▸ Buy now Processing or ▸ Start payment plan Processing Only $124.79/mo. for 24 months See details 30-day money back guarantee Take immediate ownership Safe and secure shopping bet988d.com This domain is for sale: $2,995 Buy now for $2,995 or pay $124.79 per month for 24 months ▸ Buy now Processing or ▸ Start payment plan Processing Make 24 monthly payments Pay 0% interest Start using the domain today. See details Make 24 monthly payments Pay 0% interest Start using the domain today. See details This domain is for sale: $2,995 ▸ Buy now Processing or ▸ Start payment plan Processing Only $124.79/mo. for 24 months See details Favorite Questions? Talk to a domain expert: 1‑303‑893‑0552 Enjoy zero percent financing Quick delivery of the domain Safe and secure shopping Since 2005, we've helped thousands of people get the perfect domain name K Great service! - Kofi Yeboah, April 22, 2026 Y Purchase went smooth. - Yvonne Perkins, April 21, 2026 T Huge domains is always a pleasure to deal with and the payment plan to pay off domains is absolutely exquisite. - Tony Ciccocelli, April 21, 2026 A It worked smoothly so far, as I bought domain with a payment plan. - Aivar Podra, April 20, 2026 C Perfect transaction. Highly recommend. - Caesare Belvano, April 20, 2026 See more testimonials Our promise to you 30-day money back guarantee HugeDomains provides a 100% satisfaction guarantee on every domain name that we sell through our website. If you buy a domain and are unhappy with it, we will accept the return within 30 days and issue a full refund – no questions asked. Quick delivery of the domain In most cases access to the domain will be available within one to two hours of purchase, however access to domains purchased after business hours will be available within the next business day. Safe and secure shopping Your online safety and security is our top priority. We understand the importance of protecting your personal information. We protect your information through SSL encryption technology, providing the safest, most secure shopping experience possible. Additionally, you may checkout with PayPal or Escrow.com. FAQs See more FAQs How do I transfer to another registrar such as GoDaddy? Yes, you can transfer your domain to any registrar or hosting company once you have purchased it. Since domain transfers are a manual process, it can take up to 5 days to transfer the domain. Domains purchased with payment plans are not eligible to transfer until all payments have been made. Please remember that our 30-day money back guarantee is void once a domain has been transferred. For transfer instructions to GoDaddy, please click here . How do I get the domain after the purchase? Once you purchase the domain we will push it into an account for you at our registrar, NameBright.com, we will then send you an email with your NameBright username and password. In most cases access to the domain will be available within one to two hours of purchase, however access to domains purchased after business hours will be available within the next business day. What comes with the domain name? Nothing else is included with the purchase of the domain name. Our registrar NameBright.com does offer email packages for a yearly fee, however you will need to find hosting and web design services on your own. Do you offer payment plans? Yes we offer payment plans for up to 12 months. See details . How do I keep my personal information private? If you wish the domain ownership information to be private, add WhoIs Privacy Protection to your domain. This hides your personal information from the general public. To add privacy protection to your domain, do so within your registrar account. NameBright offers WhoIs Privacy Protection for free for the first year, and then for a small fee for subsequent years",3,0,0,0,text/html,
http://13814.com/,1,,0,11669,,,0,0,0,0,,http_error:ConnectError
http://365646.com/,1,http://365646.com/,200,2642,Redirecting...,Redirecting...,0,0,0,0,text/html,
http://cnchax.com/,1,https://cnchax.com/,200,3942,CNC,"CNC Toggle navigation CNC NEVER DIE TOP 1 TRONG TẦM TAY HỖ TRỢ THÔNG BÁO FOREIGN BUYERS Nạp tiền Nạp thẻ Điện thoại AUTO Nạp qua ATM AUTO Đăng nhập Đăng ký WELCOME TO CNC ỔN ĐỊNH, HỖ TRỢ NHIỆT TÌNH,AN TOÀN HỖ TRỢ NHÓM CHAT THÔNG BÁO UPDATE DANH SÁCH GAME BUBG M GIẢ LẬP PC Đầy đủ chức năng bá đạo, Gói thuê ít giờ, Kèm cả BYPASS để anh em ghẹo gái. Chờ cc gì nữa. Thuê thôi ae THUÊ NGAY BUBG M ANDROID NO ROOT Có nhiều loại cho Android không cần root máy cho anh em lựa chọn THUÊ NGAY BUBG M IOS NO JAILBREAK hướng dẫn cài đặt trực tiếp nhanh gọn lẹ . khá an toàn để leo rank . có nhiều loại cho anh em lựa chọn THUÊ NGAY LOL - LMHT - PC RiotTool V1 với chất lượng đã được khẳng định qua thời gian, nay đã quay trở lại THUÊ NGAY FREE ALL FILE CNC TEAM CÓ TẤT CẢ CÁC FILE CẦN THIẾT CHO AE . VÀ 1 SỐ THỬ MIỄN PHÍ THUÊ NGAY TÀI KHOẢN GOOGLE - FACEBOOK tài khoản google , facebook chưa tạo nhân vật game , để chơi game pubg mobile , acc fb rank bạc vàng THUÊ NGAY LQ M - IOS - ANDROID HAX MAP LQ AN TOÀN - CÓ ANDROID VÀ IOS THUÊ NGAY Crossfire Legends mobile - CFM THUÊ NGAY GIỚI THIỆU CNC Tất cả nội dung trên web đều không phải do chúng tôi tạo ra, các nội dung trên web đều là từ nguồn trên internet mang tính tham khảo, demo, bằng việc đồng ý các điều khoản trước khi sử dụng, đồng nghĩa các bạn chấp nhận rủi ro, nếu không bạn có thể rời đi ĐIỀU KHOẢN SỬ DỤNG 1.Chúng tôi KHÔNG chiu bất kỳ trách nhiệm gì về bất kỳ vấn đề gì khi các bạn chơi gian lận 2.Key thuê KHÔNG hoàn trả khi đã sử dụng 3.Tiền NAP KHÔNG hoàn trả với bất kỳ lý do gì 4.Chơi gian lận có nguy cơ bị cấm tài khoản cân nhắc trước khi sử dụng 5.Chúng tôi cố gắng hỗ trợ hết mình khi người dùng gập lỗi Copyright ©2022 CNC DIE. All rights reserved. Xây dựng bởi Hậu Nguyễn Đóng CẬP NHẬT THÔNG TIN : 【 TẠI ĐÂY 】 HỖ TRỢ : 【 TẠI ĐÂY 】 NHÓM CHAT : 【 TẠI ĐÂY 】 DISCORD : 【 TẠI ĐÂY 】",0,0,0,0,text/html,
http://77783659.com/,1,http://www.77783659.com/,200,1248,利记·sbobet(中国)-官方网站,"利记·sbobet(中国)-官方网站 400-809-3299 网站首页 HOME 品牌介绍 BRAND STORY 发展历程 形象展示 招商加盟 BRAND STORY 产品展示 BRAND STORY 当季限定 新闻动态 BRAND STORY 联系我们 BRAND STORY 400-809-3299 400-809-3299 品牌介绍 BRAND INTRODUCTION 大口九创立于1999年，隶属于佛山市大口九食品有限公司，总部位于地理位置十分优越的岭南地区——佛山，是一个专注于茶饮领域的茶饮品牌。 大口九致力于提供天然健康的原材料，打造了大口九农场，专注培育广东本土香水柠檬，在大口九农场种植子弹头柠檬，培育嫁接出柠檬1号等几个优质香水柠檬品种。 大口九农场早期建立在非常适合柑橘科属皇帝柑的地标性产地——“中国贡柑之乡”古调村，古调村因得天独厚的地理环境优势，土壤酸碱适宜天然无污染高山溪水滋养，使得果实出品优越。 大口九还拥有自己的农产品加工厂，加工自育的高山红茶叶，现摘鲜果等。 大口九以岭南特色水牛奶为主打系列产品，专注打造好喝又健康的国民... 查看更多 产品中心 PRODUCT CENTER 当季限定 水牛奶茶 大口奶茶 柠檬系列 鲜果系列 鲜奶茶 手打桂香草莓 手打草莓大口橙 牛奶草莓 莓莓蜜桔 绿爆柠檬茶 超级水果茶 芝芝芒芒 芝芝西瓜 紫米乳茶 薯薯奶绿 麦片牛奶 杨枝甘露水牛奶 洛神仙果茶 混世百香 柠檬柚子茶 大口橙 百香芒果 百香菠萝 白桃乌龙 椰果奶茶 品牌历程 DEVELOPMENT HISTORY 一代店（1999年） 二代店（2006年） 三代店（2011年） 四代店（2015年） 五代店（2018年） 六代店（2022年） 店铺展示 STORE DISPLAY 新闻资讯 NEWS CENTE 小编也是在网上收集并整理的一些相关的信息 利记娱乐Android3.8.x以上,利记娱乐软件下载(Vv1.4.9是当下苹果IOS、安卓版流行速度快的APP(52.6M),计划竞彩数据精确及时,利记娱乐APP官网下载下载安装量达9726人次,利记娱乐音乐最新版深受大家喜欢的APP软件; 2024-11-02 More » 曼城想拿到队史首个欧冠冠军 利记娱乐Android6.7.x以上,利记娱乐非常钻APP下载(Vv1.3.8是当下苹果IOS、安卓版流行速度快的APP(54.88M),OPPO网络数据精确及时,利记娱乐安卓APP下载下载安装量达10500人次,利记娱乐应用最新版深受大家喜欢的APP软件; 2024-11-02 More » 曼联惊险在客场拿到分大家不要小看这分 利记娱乐Android4.0.x以上,利记娱乐APPv8.4.3下载(Vv8.4.3是当下苹果IOS、安卓版流行速度快的APP(59.14M),系统竞技数据精确及时,利记娱乐APP官方版下载下载安装量达14053人次,利记娱乐理财最新版深受大家喜欢的APP软件; 2024-11-01 More » 查看更多 快速链接 网站首页 品牌介绍 招商加盟 产品展示 新闻动态 联系我们 联系方式 免费热线：400-809-3299 联系地址：佛山市南海区桂城街道南海大道北20号金安大厦304室、403室 大口九欢迎您！ Copyright 2019-2022 佛山市大口九食品有限公司 版权所有 All Rights Reserved 备案号： 粤ICP备15085786号 联系我们 加盟咨询客服微信 网站下载工具",3,0,0,0,text/html,
http://hg44788.com/,1,http://hg44788.com/,200,6202,Redirecting...,Redirecting...,0,0,0,0,text/html,
http://6608pj.com/,1,http://6608pj.com/,200,766,Redirecting...,Redirecting...,0,0,0,0,text/html,
http://bet5816.com/,1,https://www.bet5816.com/,200,8933,英国365上市(集团)有限公司-官方网站,如果您的浏览器未跳转，请点击 此处 进行游戏并领取优惠 英国365上市(集团)有限公司-官方网站 英国365上市(集团)有限公司-官方网站 关于我们 365英国在线体育机构 企业文化 企业历程 企业荣誉 联系方式 新闻资讯 365英国在线体育快讯 参展行程 技术文献 经营品牌 ALESIS 会议系统 无线麦克风系统 调音台 数字功放 壁挂|天花音箱系列 专业周边 音视频矩阵 专业音箱 线阵系列音箱 音柱 其他 JTS 无线麦克风系列 鹅颈、介面麦克风 天线系统 会议系统 无线行动扩音机 录音专用麦克风 无线麦克风专用配件 耳机系列 无线监听系统 乐器麦克风 D.A.S. ALTEA系列专业音箱 EVENT系列线阵列音箱 ARTEC系列音箱 FACTOR系列音箱 OVI系列特殊音箱 PA系列专业功放 DSP音频处理器 MARANI 机架式数字调音台 音箱处理器 数字媒体矩阵 反馈抑制器 数字均衡器 KTV 处理器 配件 AOMEI 带功放调音台 模拟调音台 数字调音台 移动式音箱 专业功放 解决方案 学校 企业 政府 党建 工程案例 政企会议 文娱演出 教育文娱 支持与下载 产品画册 相关视频 微信公众号 微信小程序 抖音企业号 关于我们 365英国在线体育机构 企业文化 企业历程 企业荣誉 联系方式 新闻资讯 英国365上市公司快讯 参展行程 技术文献 经营品牌 ALESIS JTS D.A.S. MARANI AOMEI 解决方案 学校 企业 政府 党建 工程案例 政企会议 文娱演出 教育文娱 支持与下载 产品画册 相关视频 ​ LY系列无线麦克风系统 一拖二/一拖四/一拖八，话筒自由搭配，满足不同应用需求。 查看详细 无与伦比的控制 分享你的高清音乐。 ALTEA系列专业音箱 查看详细 音质好，配无线麦克风，传输距离远，人声清晰，防雨泼水设计，超大的锂电池，LED照明功能。。 WA-35 多功能无线扩音系统 查看详细 ​ 经营品牌 Brand ALESIS JTS D.A.S AOMEI DEC-8.2 数字电源时序净化器 CU3000M 有线手拉手会议系统 ACU-2.4G 2.4G带视像跟踪无线手拉手 iPN1616 16进16出数字音频处理器 RU-992/RU-850LTH 双频道自动选讯系统 RU-992/RU-850LTB 双频道自动选讯系统 TS-101D/Mh-101 单频道自动选讯麦克风系统 TS-102D/Mh-102 双频道自动选讯麦克风系统 Altea 412A 有源全频扬声器 Altea 415A 有源全频扬声器 Altea 712A 有源全频扬声器 Altea 715A 有源全频扬声器 AM-RS32 32路模拟调音台 TPX-16 16路专业调音台 GL-16 16路专业调音台 XF-16 16路专业调音台 ​ 企业动态 凭借优质的产品，专业的技术队伍，打造一流的服务。 2024-09-02 叶焯辉 沈培生离职通告 2023-05-16 盛会之约·巅峰相聚 诚邀莅临2023广州国际专业灯光... 2021-11-12 AOMEI奥美TPX系列调音台12/16/24路 悦动上市 合作伙伴 Copyright © All Right 英国365上市公司机构 Reserved. 备案号： 粤ICP备16110531号 英国365上市公司 网站地图 K8一触即发人生赢家 人生就是博(中国区)·公司官网 人生就是博·(中国区)集团 尊龙卡z6官方网站入口 K8一触即发人生赢家 人生就是博(中国区)·公司官网 人生就是博·(中国区)集团 尊龙卡z6官方网站入口 K8一触即发人生赢家 人生就是博(中国区)·公司官网 人生就是博·(中国区)集团 尊龙卡z6官方网站入口 K8一触即发人生赢家 人生就是博(中国区)·公司官网 人生就是博·(中国区)集团,2,0,0,0,text/html,
http://3656hh.com/,1,http://3656hh.com/,200,857,"凯发-感恩有你,一路同行","凯发-感恩有你,一路同行 404 Not Found nginx",0,0,0,0,text/html,
http://0293659.com/,1,https://0293659.com:8989/verify-page/index.html,200,1100,验证,验证 提交 进入网站 在线客服,0,0,0,0,text/html,
http://365okn.com/,1,http://www.365okn.com/,200,735,VSport - 胜利因您更精彩,VSport - 胜利因您更精彩 主页 关于我们 战略与布局 新闻中心 投资者关系 主页 关于我们 战略与布局 新闻中心 投资者关系 集团介绍 管理层介绍 企业文化 加入我们 联系我们 中国大陆知名的综合性娱乐集团 VSport - 胜利因您更精彩传媒股份有限公司（深交所：300027），中国大陆知名的综合性娱乐集团，由王中军、王中磊兄弟创立于1994年，并于2009年率先登陆创业板，被称为“中国影视娱乐第一股”。 VSport - 胜利因您更精彩是目前国内一家将影视娱乐、品牌授权与实景娱乐和互联网娱乐三大业务板块及产业投资实现有效整合的娱乐传媒企业，是业内产业链完整、娱乐资源丰富的公司。在公司统一平台的整体运作下，各业务板块协同发展。 了解详情 → 王中军 创始人，董事长 美国纽约州立大学大众传媒专业硕士，VSport - 胜利因您更精彩创始人。负责公司战略规划、资本运营。 了解详情 → 王中磊 联合创始人，副董事长兼CEO 1994年与兄长王中军一起创立VSport - 胜利因您更精彩，全面负责公司的经营和管理工作。 了解详情 → Innovation 以现有的思维模式提出引领行业发展的思路，利用公司现有的资源，改进、创造新的发展模式。从三大业务版块多点开花，到三大公司战略多线并行，VSport - 胜利因您更精彩走出了一条前人不敢走也不曾走的路。 Happiness VSport - 胜利因您更精彩把员工作为公司发展的核心，关注员工的工作、生活、心情等状态，为员工提供能够满足学习、自我提升的条件，促进员工与公司之间的密切度、忠诚度，提高员工工作的快乐度，使公司的整体氛围做到轻松愉悦。 Sharing 各部门、各版块之间协同联动，共生流转。集结公司的优质资源，通过各个业务板块之间的协同合作、有机融合，形成良好互动，努力实现价值的最大化，共同助力公司高歌猛进。 Equality VSport - 胜利因您更精彩内部氛围平等融洽，能够快速高效地达成共同目标。每位员工能够公平的享受到公司发展的成果。同时，公司充分尊重员工的价值和愿望，保证员工与企业共同发展。 VSport - 胜利因您更精彩传媒股份有限公司是一家集影视娱乐、实景娱乐、互联网娱乐于一身的产业经营一体化的国内知名娱乐传媒公司之一，公司麾下集合业界精英和顶尖艺人团体。 公司实力雄厚，由经验丰富又充满朝气的管理队伍带领，自成立起凭借领先的影视制作与营销模式、卓越的经营理念和管理模式，在国内业界迅速风生水起，声名显赫，铸造了独具自身特色的娱乐传媒品牌，同时也成为国内具有影响力的娱乐传媒机构。 现随着公司快速成长，诚聘各类精英加盟，相信您的诚心加盟，将为公司带来更强的竞争力与经济效益，同时您也将获得丰厚的收入并享受到与公司一起成长的乐趣，成为受益终身的财富。 诚聘英才 招聘信箱：demo@admin.com 请在邮件标题上注明应聘岗位名称 Contact 联系我们 咨询电话 400-88888-88888 邮箱地址；demo@admin.com 公众号 业务布局 公司战略 主页 | 关于我们 | 战略与布局 | 新闻中心 | 投资者关系 | Copyright © 2012-2032 华谊兄弟公司 版权所有 ICP备21690341号-1 XML,4,0,0,0,text/html,
http://urnic.com/ifx,1,https://www.hugedomains.com/domain_profile.cfm?d=urnic.com,200,1940,Urnic.com is for sale | HugeDomains,"Urnic.com is for sale | HugeDomains Skip to main content Search +1-303-893-0552 Home FAQs About us Contact us My account My favorites Shopping cart Urnic.com Buy now: $6,295 ▸ Buy now Processing or ▸ Start payment plan Processing Only $262.29/mo. for 24 months See details 30-day money back guarantee Take immediate ownership Safe and secure shopping Urnic.com This domain is for sale: $6,295 Buy now for $6,295 or pay $262.29 per month for 24 months ▸ Buy now Processing or ▸ Start payment plan Processing Make 24 monthly payments Pay 0% interest Start using the domain today. See details Make 24 monthly payments Pay 0% interest Start using the domain today. See details This domain is for sale: $6,295 ▸ Buy now Processing or ▸ Start payment plan Processing Only $262.29/mo. for 24 months See details Favorite Questions? Talk to a domain expert: 1‑303‑893‑0552 Enjoy zero percent financing Quick delivery of the domain Safe and secure shopping Since 2005, we've helped thousands of people get the perfect domain name K Great service! - Kofi Yeboah, April 22, 2026 Y Purchase went smooth. - Yvonne Perkins, April 21, 2026 T Huge domains is always a pleasure to deal with and the payment plan to pay off domains is absolutely exquisite. - Tony Ciccocelli, April 21, 2026 A It worked smoothly so far, as I bought domain with a payment plan. - Aivar Podra, April 20, 2026 C Perfect transaction. Highly recommend. - Caesare Belvano, April 20, 2026 See more testimonials Our promise to you 30-day money back guarantee HugeDomains provides a 100% satisfaction guarantee on every domain name that we sell through our website. If you buy a domain and are unhappy with it, we will accept the return within 30 days and issue a full refund – no questions asked. Quick delivery of the domain In most cases access to the domain will be available within one to two hours of purchase, however access to domains purchased after business hours will be available within the next business day. Safe and secure shopping Your online safety and security is our top priority. We understand the importance of protecting your personal information. We protect your information through SSL encryption technology, providing the safest, most secure shopping experience possible. Additionally, you may checkout with PayPal or Escrow.com. FAQs See more FAQs How do I transfer to another registrar such as GoDaddy? Yes, you can transfer your domain to any registrar or hosting company once you have purchased it. Since domain transfers are a manual process, it can take up to 5 days to transfer the domain. Domains purchased with payment plans are not eligible to transfer until all payments have been made. Please remember that our 30-day money back guarantee is void once a domain has been transferred. For transfer instructions to GoDaddy, please click here . How do I get the domain after the purchase? Once you purchase the domain we will push it into an account for you at our registrar, NameBright.com, we will then send you an email with your NameBright username and password. In most cases access to the domain will be available within one to two hours of purchase, however access to domains purchased after business hours will be available within the next business day. What comes with the domain name? Nothing else is included with the purchase of the domain name. Our registrar NameBright.com does offer email packages for a yearly fee, however you will need to find hosting and web design services on your own. Do you offer payment plans? Yes we offer payment plans for up to 12 months. See details . How do I keep my personal information private? If you wish the domain ownership information to be private, add WhoIs Privacy Protection to your domain. This hides your personal information from the general public. To add privacy protection to your domain, do so within your registrar account. NameBright offers WhoIs Privacy Protection for free for the first year, and then for a small fee for subsequent years. Whoi",3,0,0,0,text/html,
http://6bet988.com/home,1,http://6bet988.com/home,200,4657,偷拍裸体海滩-免费首播日韩电影在线-午夜在线av在线观看,偷拍裸体海滩-免费首播日韩电影在线-午夜在线av在线观看 午夜在线av 搜索 搜索 首页 国产精品 日本AV 欧美AV 巨乳美乳 人妻熟女 中文字幕 萝莉少女 多人多P 女同性恋 首页 国产精品 日本AV 欧美AV 巨乳美乳 人妻熟女 中文字幕 萝莉少女 多人多P 女同性恋 搜索 搜索 01:54:57 欧美黄色黑人一级棒-国语自产韩国在线观看-午夜在线av 03:08:02 肉文小说片段-经典在线完整观看-午夜在线av 01:48:03 护士吴梦梦婬乱A片免费看-最近字幕在线观看完整版-午夜在线av 01:15:26 日本空姐裸体性服务-经典西瓜视频免费观看-午夜在线av 千金被群jian又粗又大H小说-原创无删减在线播放-午夜在线av 01:56:02 侠盗飞车罪恶都市手机版-视频30分钟在线播放观看-午夜在线av 日本少妇丰满多毛hg-中英字幕1080P迅雷高清下载-午夜在线av 27:34 一级黄色大片大鸡吧xXxxⅩ-磁力链百度云未删减2020-午夜在线av 01:59:43 亚洲美女色l图-最近手机西瓜视频下载app-午夜在线av 01:47:53 掀开老师的裙子挺进去-中文字幕手机在线看-午夜在线av 偷拍裸体海滩-免费首播日韩电影在线-午夜在线av 介紹 類別 : 中文字幕 片長 : 01:48:18 简介 : 被禁止的背德奸 过于年轻的义母 02:09:31 68国产精品-HD720韩语迅雷1080-午夜在线av 02:22:43 我被拉拉口的好爽-日语中字普通话在线观看-午夜在线av 02:01:43 美女洗澡60多岁了，1级片电影-高清首播日韩免费观看-午夜在线av 02:25:05 公日日躁我和公乱-中英字幕午夜激情-午夜在线av 01:35:15 美女❌又爽❌又黄❌视频-HD720韩语高清在线观看-午夜在线av 02:27:03 胡列娜翘臀好紧好爽-TS抢先版西瓜视频在线观看-午夜在线av 01:25:45 国产精品偷伦一区二区-免费韩剧?视频高清在线观看-午夜在线av 02:10:33 高清黄色免费网址-豆瓣电影手机免费观看完整-午夜在线av 01:41:37 少妇又色又爽又紧的A片-免费高清HD高清完整电影-午夜在线av 02:29:42 男男啪啪小电影-暖暖中文字幕-午夜在线av 02:02:03 美女在小树林里操逼-HD国语高清在线视频观看-午夜在线av 01:58:59 亚洲无码久久精品视频-韩国伦理国产在线观看-午夜在线av 返回頂部 頁尾 午夜在线av 短裙少妇色诱水电工在线观看 情事韩国爱情尺度电影在线观看 潘金莲一级淫片免费放动漫 bl双性花蒂 顶级裸体dj 三级黄片推荐 成人做爰www免费直播app 久久精品看片 欧美性交XXXXXxxX黑人 啊……啊哈……嗯~啊~做爱 bbxvideovideo人体喷潮 女人与禽猛交狂配视频 免费又爽又禁黄色视频 免费十分钟看毛片 juq196中文字幕 Copyright © 20266bet988.comAll rights reserved,1,0,0,0,text/html,
http://3115zz.com/,1,https://3115zz.com:8989/verify-page/index.html,200,739,验证,验证 提交 进入网站 在线客服,0,0,0,0,text/html,
http://365089.com/,1,http://365089.com/,200,661,,,0,0,0,0,text/html,
http://napffx5.com/,1,http://napffx5.com/,200,900,Loading...,Loading...,0,0,0,0,text/html,
http://www.3659001.com/,1,http://www.3659001.com/,200,1107,"凯发-感恩有你,一路同行","凯发-感恩有你,一路同行 404 Not Found nginx",0,0,0,0,text/html,
http://365ok17.com/,1,http://365ok17.com/,200,4334,欢迎光临,欢迎光临 信誉保证 大额无忧 官方直营20年信誉品牌 链接检测中……,0,0,0,0,text/html,
http://36593656.com/,1,http://36593656.com/,200,779,36593656.com,36593656.com Click here to enter,0,0,0,0,text/html,
http://escchs.com/,1,http://www.escchs.com/,200,1299,"日本熟妇乱妇熟色在线观看,精品99久久久久免费网站,日本熟妇性自由老太视频,久久99久国产精品毛片基地,在线观看国产高清免费不卡色,久久91人妻无码精品蜜桃,亚洲成人一区二区三区天堂,天天摸夜夜添添到高潮AV,国产欧美精品主播在线观看","日本熟妇乱妇熟色在线观看,精品99久久久久免费网站,日本熟妇性自由老太视频,久久99久国产精品毛片基地,在线观看国产高清免费不卡色,久久91人妻无码精品蜜桃,亚洲成人一区二区三区天堂,天天摸夜夜添添到高潮AV,国产欧美精品主播在线观看",0,0,0,0,text/html,
http://fenzgard.com/,1,http://fenzgard.com/,200,825,Fenzgard,"Fenzgard Products About Contact ENQUIRY ENQUIRY Mil. Grade Smart Fences Civilian Smart Fences Solar Smart Fences Autonomy- on Green Power Anti-climb Smart Fences Rapidly deployable Smart Fences Delay Mechanism MIL. GRADE Smart Fences Mil. Grade Smart fences comply with benchmarks on reliability and utility. Humans, being an evolved species, anticipation of their adaptive behavior is crucial. Sentry-friendly smart barriers can counter emerging threats at vital infra and Mil. Stations. False alarms, Downtime and Power issues that dogged power fences are history! Rugged Lightweight Re-deployable Autonomy- on Green Power Versatile fences from Fenzgard® are designed for 24x7 operation on Solar, at any altitude. Sentry-friendly local alerts, with zone illumination initiates interdiction in 2 seconds and directs QRTs. Supply/ Training inspires confidence in smart fences, without relying on vendor for AMC. Portable, Mil. Grade, Anti-climb smart fences for Forward areas Flexifenz® -M is a unique 2.4m Anti-climb fence, which does not suffer downtime, on climbing. Flexifenz® -M is portable and can be rapidly deployed by troops, without concrete. Troop-friendly DIY smart fences can be rapidly deployed, monitored and maintained by soldiers. Proven and re-deployed at vulnerable camps of the forces, Flexifenz® -M can secure QG, Mags, Depots, Mil. Camps, Field assets etc. Proven on the snowline, Flexifenz® -M is a versatile ... fence for Forward areas. Smart Fences for Walls Smart Fences for Walls Slikfenz® -M is a rugged, light engineered smart fence for walls of Mil. Bases/critical assets. Developed for The Indian Navy, Slikfenz® -M has proven durability and reliability, on Solar power. 1.2m Slikfenz® -M is rapidly deployable on any type of wall, below existing razor coils, excluding crawl zones. Slikfenz® -M can be rapidly deployed at Naval, Air Bases, Ammunition Depots, Cantonments, Sector HQs etc. Delay mechanism - buys time for QRT action Vertical designs of power fences can be breached in less than 10 seconds. The slanting Intruder® Fence design presents the dimension of depth, which prevents stepping across cut lines, delaying and buying time for QRTs. Rugged Intruder® Fence employs in-situ soil for grouting. Ideal for rapid deployment at remote areas, Forward Air Fields, Fuel Farms, Technical areas, Miltary assets, Coastal fences, Borders etc. MIL. GRADE FENCES CIVILIAN APPLICATIONS Slikfenz® has been securing Industrial and Housing projects since 2008. In the civilian domain, clients are keen on conformity to safety standards. Fenzgard® protects properties and the legal interests of consumers, providing reliable, safe equipment. Smart fence solutions are custom designed, for varied applications. Industrial Fences The civilian version of Flexifenz® and Slikfenz® are endorsed by industries, as it contributes to better security and pay-back in 2 years. Security personnel are enabled to guard better, reducing recurring costs on manpower and perimeter lighting. Multi-national companies employ customized perimeter security solutions from Fenzgard® , with conformity to standards. Solar power plants, Thermal plants, Petro-chemicals, Mines, Industries, Pharma, etc. can secure their perimeters with proven Smart Fences. Campus / Housing Security Airports, Universities, Hospitality, Resorts, Software Parks, Housing projects, Beach houses, Villas etc. can be secured and monitored remotely. SMART FENCES FOR PEACE OF MIND! CIVILIAN APPLICATIONS ABOUT US Based at Coimbatore, in an active elephant habitat, Fenzgard® was founded in 2007 by George Eapen. Field experience of 25 years in solar fencing has yielded proven solutions and techniques for targeted control of all terrestrial species. Concern for Safety, Sustainability and Zero Downtime led to Design Registration, qualifying for elephant control fences and also qualifying for Direct Contracting by The World Bank in Nepal. The Security Division of Fenzgard® was launched in July 2009, to secure es",1,0,1,0,text/html,
http://3656iii.com/,1,http://3656iii.com/,200,844,欢迎光临,欢迎光临 信誉保证 大额无忧 官方直营20年信誉品牌 链接检测中……,0,0,0,0,text/html,
http://ee365666.com/,1,https://ee365666.com:8989/verify-page/index.html,200,902,验证,验证 提交 进入网站 在线客服,0,0,0,0,text/html,
http://7bet988.com/css/1.php,1,http://7bet988.com/css/1.php,200,1520,器灵第二季免费完整版在线观看-免费欧美免费在线观看播放-H567AV,器灵第二季免费完整版在线观看-免费欧美免费在线观看播放-H567AV H567AV 选择分类 视频四区 唯美写真 探花约炮 SM系列 传媒视频 萝莉少女 自慰系列 多人多P 群p换妻 制服丝袜 AI换脸 剧情短剧 AV解说 日本有码 蜜桃传媒 日本无码 美乳巨乳 古装扮演 搜索 猜你喜欢 返回首页 福利姬 天天日天天日天天-西瓜电影在线完整观看 日本 欧美黄a不卡免费欣赏-蓝光高清版全集在线观看 水川蓳 亚洲色诱惑-神马午夜琪琪电影网 大战300回合 色综合热无码热国产-电影中文版全集 公主 同船爱歌在线-腾讯云播西瓜视频免费观看 小姨子 色戒电影完整 未删减免费观看高清-全集无删减动漫在线观看 AV 国产真人无码免费视频-高清点播1080P迅雷高清下载 米菲兔 av在线播放日韩欧亚-高清点播独家试爱免费观看视频 日本 家庭淫乱小说-高清完整版普通话在线观看 国产经典群P sm全部小说作品-超前点播在线视频网 Vlog 丁香花高清视频完整电影-BD国语高清百度云未删减2020 加勒比 免费观看视频一区-精彩花絮高清完整视频 木内小姐 轰炸机短信网站在线使用-高清DVD免费高清观看 P 欧美性生活视频网站-韩剧高清免费国语在线观看 MIDV 浴室之爱未删减版在线观看-首映bt天堂 AV 摸bbb搡bbb搡bbbb-完结神马在线观看 调教 91亚洲精晶久久久蜜桃-bd蓝光碟日韩免费观看 骚货 国产chinahdxxxx19-全集高清完整无删减版 洋娃娃 动漫老师裸体羞羞动漫-经典普通话在线完整版 女友 女人做爰高潮呻吟娇喘-精品视频国产在线视频 吉沢明歩 狼溪2免费版在线观看-VIP在线播放高清 顽皮翘宝贝莫琪 《名字不敢说》在线观看-韩剧高清中英字幕1080 ADN 美女拔萝卜视频免费观看-HD中字免费手机在线看观看 直播 天天影视色域影视-剧情片成长在线视频免费观看 棒棒糖 99精品全部-热播全集在线观看 骚 污污免费在线观看-新视觉免费在线观看 牛奶姐姐 成人av免费在线看-神马视频全集在线观看播放 喷尿 啊别那么深小心肚子里的孩子李简-高清影视未删减完整版 凉森玲梦 亚琴中文字幕咪咪网-4K手机免费观看完整 大战300回合 国产乱了乱了精品视频-杜比音效高清国产国语三级 夏禹熙 中国少妇videos另类仙踪林-完结国语迅雷下载 啪啪 恰恰电影在线观看免费版-西瓜影院全集免费观看 搭讪 强睡年轻女老板2在线看-最近更新中文字幕神马影院在线 白虎 韩国青涩国产在线直播-90分钟完整视频手机在线看片 三上悠亚 《指匠情挑》电影免费观看-BT高清迅雷在线观看 皮肤白皙 成人做爰高潮片免费看视频道具-vip电视剧超清免费观看 美乳 亚洲一级一片-高清免费一一影视网 同性恋 91片黄在线观看-暖暖高清国产国语三级 無修正 eyan一181北野未奈授乳中-迅雷免费日韩在线观看 水川蓳 韩国暖暖视频-免费点播av首页 诱惑 男生和女生差差差的视频-院线大片高清电影在线 無碼 禁断介护av-高清电影未删减版在线观看 麻豆av一区二区三区 &nbsp&nbsp 大乳护士喂奶hd &nbsp&nbsp 器灵第二季免费完整版在线观看-免费欧美免费在线观看播放-H567AV 版权所有 © 2025 H567AV 保留所有权利,1,0,0,0,text/html,
http://3115ff.com/,1,https://3115ff.com:8989/verify-page/index.html,200,740,验证,验证 提交 进入网站 在线客服,0,0,0,0,text/html,
http://www.3659337.com/,1,,0,16394,,,0,0,0,0,,timeout
http://390039.com/,1,http://www.390039.com/,200,2604,国产a一级-国产a网-国产a视频精品免费观看-国产a视频-国产a免费观看-国产a毛片,国产a一级-国产a网-国产a视频精品免费观看-国产a视频-国产a免费观看-国产a毛片,0,0,0,0,text/html,
http://clob.ai,1,http://clob.ai,200,830,Checking your browser...,"Checking your browser... Verification Security check Checking your browser Before you can access this site, we need to verify you’re human. Checking your browser… Verification failed. Please refresh and try again. Privacy • Security",0,0,0,0,text/html,
http://mth-crc.com/,1,http://mth-crc.com/,200,823,MTH Holdings Corp. / CRC Properties LLC,"MTH Holdings Corp. / CRC Properties LLC MTH Holdings Corp. CRC Properties, LLC CRC Properties Ohio, LLC 925 Fairview Rd. Wytheville, VA 24382",0,0,0,0,text/html,
http://wps-dev.com/,1,http://wps-dev.com/,200,867,,Error. Page cannot be displayed. Please contact your service provider for more details.,0,0,0,0,text/html,
http://boostbyq.com/,1,https://boostbyq.com/,200,2236,Boost | by quadratto,"Boost | by quadratto Somos el aliado que necesitas para tu proyecto  Pisos cerámicos  Placas de mármol y granito  Materiales de construcción ¡Visita nuestro Design Center! El Chorrito 3671, 20 de Noviembre, 22100 Tijuana, B.C. Solicita una cotización Nombre completo Correo electrónico Teléfono Mensaje ENVIAR",1,0,1,0,text/html,
http://08713659.com/,1,https://08713659.com:8989/verify-page/index.html,200,709,验证,验证 提交 进入网站 在线客服,0,0,0,0,text/html,
http://bet810c.com/home,1,http://bet810c.com/home,200,1371,欢迎光临,欢迎光临 信誉保证 大额无忧 官方直营20年信誉品牌 链接检测中……,0,0,0,0,text/html,
http://l1nq.com/xa8s3,1,https://www.encurtador.dev/redirecionamento/xa8s3,200,2578,Encurtador de Link,"Encurtador de Link encurtador .dev redirecionamento Você será redirecionado automaticamente, mas antes, para sua segurança, estamos fazendo validações importantes! Estamos verificando se o link destino possui algum vírus: Verificação antimalware Proteção anti-phising Validação contra DDOS redirecionamento com senha O link que você está tentando acessar, necessita de uma senha, coloque-a no campo abaixo e clique em prosseguir. digite aqui sua senha prosseguir estatísticas Acompanhe quantos acessos seus links estão gerando, e tudo isso sem pagar um centavo gratuito Nosso serviço é 100% gratuito. Crie quantos links desejar, além de poder acompanhar estatísticas de cada link segurança Segurança é uma prioridade. HTTPS e Firewall são apenas alguns dos muitos mecanismos que possuímos url pequena URL's extremamente curtas, possuímos a menor url encurtada do mercado, ocupando apenas 14 caracteres api dev grátis Disponibilizamos uma API REST extremamente descomplicada, integre suas aplicações em poucos minutos auto escalável Nossa infraestutura serverless está hospedada na nuvem (AWS). Garantimos uma taxa de disponibilidade de 99,99% 10 motivos para utilizar nossos serviços 100% gratuito - nosso serviço é totalmente grátis. Crie quantos links desejar, sem necessidade de desembolsar um só centavo Estatísticas - acompanhe quantos cliques sua url está recebendo de forma simples e gratuita através da nossa página de estatísticas Links utilizados não expiram - urls que recebem cliques, jamais serão removidas da plataforma, exceto links maliciosos Super seguro - proteção contra vírus e os principais ataques conforme OWASP TOP 10 Link curto - nossos urls encurtadas possuem apenas 14 caracteres, sendo ideal para uso em tweets e sms Auto escalável - nossa plataforma suporta altas cargas de processamento, onde os servidores são escalados de forma automatizada, sem que haja interrupção nos serviços API de fácil integração - integre sua plataforma à nossa em poucos minutos, API para desenvolvedores gratuita e descomplicada Redundância de links - todas urls encurtadas funcionam a partir de diversos domínios, fique a vontade para utilizar o que melhor atendê-lo +10 milhões de links encurtados - o número fala por si só, isso demonstra a credibilidade que nossos usuários depositam nos nossos serviços Em constante evolução - estamos trabalhando constantemente para oferecer os melhores serviços aos nossos usuários, a excelência é nossa maior motivação © encurtador.dev - encurtador de url baixar app termos cookies api dev contato Ao continuar neste site, você concorda com o uso da nossa Política de Cookies . Leia para saber mais. aceitar",1,1,0,0,text/html,
http://03513659.com/,1,https://03513659.com:8989/verify-page/index.html,200,673,验证,验证 提交 进入网站 在线客服,0,0,0,0,text/html,
http://3655559.com/,1,http://www.3655559.com/,200,1501,,,0,0,0,0,text/html,
http://allasab.com/,1,https://expireddomains.com/domain/allasab.com,200,4146,Buy allasab.com – Premium Expired .com Domain on GoDaddy | ExpiredDomains.com,"Buy allasab.com – Premium Expired .com Domain on GoDaddy | ExpiredDomains.com Search Contact Us Login Search About Us Contact Us Fresh Listings Daily Powerful Domain Insights No Hidden Costs, Or Registration Fees Trusted by Professionals Fresh Listings Daily Powerful Domain Insights No Hidden Costs, Or Registration Fees Trusted by Professionals allasab.com Buy Now on GoDaddy GoDaddy As the world’s largest domain registrar with over 20 million customers, GoDaddy manages more than 84 million domains, offering a robust platform with 24/7 customer support and a wide range of TLDs. Its user-friendly interface and comprehensive services, including hosting and website builders, make it ideal for businesses seeking an all-in-one solution. Price 195 USD Auction Type GoDaddy Buy Now Google Status Not blocked Adult Status Not adult Domain Profile for allasab.com Name Properties Length 7 TLD com Registered in TLD with links 1 Keyword Search Volume 0 Keyword CPC 0 Radio Test Passed Generic Properties WHOIS Birth Date 13/07/2022 Wayback First Year 2023 Wayback Indexed Pages 77 Number of Wayback Crawls 20 Facebook Shares 0 Facebook Reactions 0 SEO Properties MOZ Domain Authority Login to view MOZ Page Authority Login to view Majestic External Backlinks Login to view Majestic Trust Flow Login to view Majestic Citation Flow Login to view Semrush Rank Login to view Domain screenshot Domain overview This domain has recently expired and is now available for purchase, offering a fresh opportunity to claim a valuable online asset. Secure it today to establish your brand or redirect traffic to your existing website. Don’t miss out—expired domains like this can be snapped up quickly by savvy buyers! Related Domains Available Domain Address Price allasab.com 195 USD Buy Now on GoDaddy allaroundrec.com 195 USD Buy Now on GoDaddy allare.com 29999 USD Add to Cart on Godaddy allatiders.com 695 USD Add to Cart on Godaddy allaince.com 18999 USD Add to Cart on Godaddy allass.com 10120 USD Add to Cart on Godaddy allaser.com 1495 USD Add to Cart on Godaddy amadersomoy.com 8 USD Bid (Dyna) allabo.com 1995 USD Add to Cart on Godaddy allarab.com 6599 USD Add to Cart on Godaddy ★ ★ ★ ★ ★ 4.9 based on Thousands of domain purchaes! Trusted by Thousands of Domain Buyers Hear what our customers had to say below. ★ ★ ★ ★ ★ Honestly didn’t expect it to be this good Saw this recommended on a forum and didn’t expect much, but wow. The amount of data it shows is crazy for a free tool. I use it mostly to look for brandable names and cross-check SEO value. Already registered a couple. Definitely bookmarking this. Anonymous Purchased on 01/03/2025 ★ ★ ★ ★ ★ Can’t believe this isn’t behind a paywall Honestly I’ve paid for similar tools that do less. This lets you search through expired domains and filter down by authority, keywords, backlink stuff, even what platform they’re being sold on. And it updates constantly. Feels like a cheat code tbh. Anonymous Purchased on 24/03/2025 ★ ★ ★ ★ ★ Takes a bit to get used to but super helpful Not the fanciest UI in the world, but the data is solid. It took me a bit of clicking around to learn how to get what I need, but once I did, it’s saved me hours. If you’re into SEO or domaining, this is a no-brainer. Anonymous Purchased on 09/04/2025 ★ ★ ★ ★ ★ Free and no login required, love that I hate tools that make you sign up before you can even try them. This one just works. I use it to find domains for client projects — it’s quick, gives Moz and Majestic scores, and some other custom data I’ve not seen elsewhere. Would happily pay for it, but glad I don’t have to! Anonymous Purchased on 19/03/2025 ★ ★ ★ ★ ★ Great for finding niche domains I run a few small affiliate sites and I’m always looking for expired domains with decent backlink profiles. ExpiredDomains saves me a ton of time. Filters are a bit overwhelming at first but once you figure it out, it’s so much faster than doing it manually. Found 3 great ones last week. Anonymous Purchase",1,0,0,0,text/html,
http://iknas.com/zp/index.htm,1,http://iknas.com/zp/index.htm,200,509,,,0,0,0,0,text/html,
http://bet365ok03.com/,1,http://bet365ok03.com/,200,456,"js金沙官网,澳门金沙集团官方网站官网","js金沙官网,澳门金沙集团官方网站官网 黑龙江js金沙官网股份有限公司 网站首页 企业概况 新闻动态 产品服务 投资者关系 企业概况 黑龙江js金沙官网股份有限公司成立于2014年7月，2021年8月在上海证券交易所挂牌上市（股票名称：龙版传媒，股票代码：605577），是黑龙江出版集团的控股子公司。截至2024年12月31日，公司总资产56.84亿元，净资产37.20亿元。2024年，公司实现营业收入16.63亿元、净利润2.02亿元，在职员工2617人。 公司旗下有黑龙江人民出版社等7家出版社（含1家代管出版社）和新华书店集团、新华印务集团、报刊传媒集团 3家子集团等100余家子分公司。拥有出版、印刷、发行完整产业链条，是集图书、报纸、期刊编印发等传统经营业务，音像制品、电子产品、数字教育产品等数字产品业务，电子商务、短视频、直播带货等在线业务以及数字媒体、技术服务、物资供应等综合服务于一体的现代化全媒体文化产业集团，拥有黑龙江省中小学教材独家发行资质，是黑龙江省内唯一上市文化企业。 产品服务 出版 旗下有7家出版社，分别为：黑龙江人民出版社、黑龙江教育出版... 查看详情 出版 旗下有7家出版社，分别为：黑龙江人民出版社、黑龙江教育出版社、... 报刊 旗下黑龙江报刊传媒集团有《格言》《黑龙江画报》《经济研究导... 查看详情 报刊 旗下黑龙江报刊传媒集团有《格言》《黑龙江画报》《经济研究导刊》... 发行 旗下黑龙江新华书店集团拥有百余家书店网点遍布黑龙江城乡，建... 查看详情 发行 旗下黑龙江新华书店集团拥有百余家书店网点遍布黑龙江城乡，建成大... 印刷 旗下黑龙江省新华印务集团由黑龙江新华印刷二厂、黑龙江省印刷... 查看详情 印刷 旗下黑龙江省新华印务集团由黑龙江新华印刷二厂、黑龙江省印刷物资... 新媒体 依托黑龙江东北数字js金沙官网公司等机构，不断深入数字新媒体领... 查看详情 新媒体 依托黑龙江东北数字js金沙官网公司等机构，不断深入数字新媒体领域。... 06 02月 中共黑龙江出版集团有限公司委员会关于巡视整改进展情况的通报 根据省委统一部署，2024年4月23日至2024年6月2日，省委第十巡视组对黑龙江出版集团党委开展了巡视。2024年7月26日，省委第十巡视组向黑龙江出版集团党委反馈了巡视意见。按照巡视工作有关要求，现将巡视整改进展情况予以公布。 时代出版和龙版传媒签署战略合作协议 黑龙江教育出版社精品图书《中国饭碗》入选“2025年丝路书香工程” 龙版传媒获评年报业绩说明会优秀实践 版权所有：黑龙江js金沙官网股份有限公司 网站备案号：黑ICP备19004624号-1 网站首页 企业概况 新闻动态 产品服务 投资者关系 友情链接： d88尊龙集团 hjc黄金城首页入口 k8一触即发人生赢家 k8凯发电投游戏 天生赢家·一触即发 k8一触即发人生赢家 j9登录 凯发kf彩票平台正规吗 k8凯发一触即发 k8一触即发人生赢家",1,0,0,0,text/html,
http://vip3659b.com/,1,https://vip3659b.com:8989/verify-page/index.html,200,723,验证,验证 提交 进入网站 在线客服,0,0,0,0,text/html,
http://sunqingbo.com/,1,https://sunqingbo.com/,200,10352,"成人福利网站导航㊙️涩涩屋,被两个民工脱了奶罩玩弄公交车,银狐犬最不值钱的颜色 - 潮樱AV","成人福利网站导航㊙️涩涩屋,被两个民工脱了奶罩玩弄公交车,银狐犬最不值钱的颜色 - 潮樱AV 潮樱AV 首页 精选学生妹 opt-5 素人女优 亚洲系列 小众口味 最新吃瓜爆料 91传媒 皇家华人 另类变态 wrap-12 大家都在搜这些影片 pay-18 分类 首页 精选学生妹 素人女优 亚洲系列 小众口味 最新吃瓜爆料 run-31 91传媒 sess-32 皇家华人 另类变态 最新影片 91传媒 任你懆视频这精品2019-详情国语完整版高清播放 2026-04-25 meta-46 小众口味 国产高潮呻吟久久久AV片-全集免费日本电影免费 2026-04-25 91传媒 成人❌❌❌免费🔞视频-HD中字高清电影大全在线 2026-04-25 inst-52 小众口味 日韩草草视频-百度视频下载视频在线播放完整版 2026-04-25 小众口味 粉色毛片在线播放-高清蓝光动漫在线观看高清在线 2026-04-25 init-57 精选学生妹 色㊙️乱码一区二区三区熟女-无限资源最佳磁力引擎磁力天堂 2026-04-25 皇家华人 日韩aa的钛毛片-无限资源电影完整版 2026-04-25 精选学生妹 国产熟妇AV一区二区三区四区五区-中文字幕大全国语版高清全集在线 2026-04-25 hand-67 精选学生妹 日本人与岳做爰-免费影院超清免费观看 2026-04-25 素人女优 国产a∨精品一区二区三区宅男-腾讯视频vip全集在线观看 2026-04-25 小众口味 热门看点在线无码观看免费高清-免费高清人人狠狠综合久久亚洲 2026-04-25 wrap-76 小众口味 国产高潮美女在线观看-国产精品全国免费观看高清 2026-04-25 素人女优 欧美AV短片下载-免费高清无删减90分钟观看全集 2026-04-25 另类变态 成人网百合视频-腾讯视频免费观看视频中文 2026-04-25 皇家华人 一次性找两个小姐属于犯罪吗-云播电影在线观看 param-86 2026-04-25 精选学生妹 欧美成人午夜高清性剧场-佳片免费手机在线看片完整版 2026-04-25 state-91 最新吃瓜爆料 啊,轻点,受不了好痛-高清完整版电影在线看高清播放 2026-04-25 91传媒 韩国无码业余-全集手机国语版在线观看免费 2026-04-25 另类变态 日韩美女AV电影高压监狱-超清免费欧美电影在线 2026-04-25 素人女优 大炕上的性启蒙第二部偷拍-西瓜视频下载韩国电影在线全集 opt-101 2026-04-25 亚洲系列 欧美高清久久久久久69-最新国产动漫在线观看 2026-04-25 91传媒 风间由美电影天堂-云裳广场舞火火姑娘 2026-04-25 最新吃瓜爆料 精品国产美女一级毛片-90分钟完整版午夜快车高清完整版 2026-04-25 run-111 sess-112 91传媒 在线资源天堂www-正版视频高清在线观看 2026-04-25 精选学生妹 精选学生妹 丁香婷婷综合成人-全集在线观看完整视频大全 2026-04-25 精选学生妹 免看黄29分钟在线观看-全集免费免费观看视频中文 2026-04-23 精选学生妹 精品无码你懂的在线观看视频-午夜伦理高清视频在线观看 meta-126 2026-04-20 精选学生妹 亚洲一区二区成人精品-清晰在线手机观看全集观看 2026-04-23 hand-131 精选学生妹 最新最大成人网-超前点播迅雷电影在线 2026-04-22 精选学生妹 女人性大毛片视频观看-免费看片免费电视剧 2026-04-18 init-137 精选学生妹 毛片大全蜜月Av-全集蔬果连连看原版 2026-04-17 精选学生妹 (高辣)微微一笑很倾城肖奈-午夜剧场日韩电影在线 2026-04-20 精选学生妹 芽亚洲日韩欧美在线-全集无删减版西瓜视频免费观看 2026-04-18 精选学生妹 无码裸模视频在线线-豆瓣电影欧美在线观看免费观看 hand-147 2026-04-19 精选学生妹 宫交H乱婬HH灌尿辣文-完整版国语全集免费观看免费观看 2026-04-21 stab-152 精选学生妹 男女又爽❌又黄❌免费韩国-小雪小柔两个大校花 2026-04-19 素人女优 素人女优 男同桌脱我小内内玩我全身-高清完整无删减免费电视剧 2026-04-21 素人女优 天天av天天av天天透-吉吉电影电影在线看 2026-04-22 opt-165 素人女优 日本颜射无码图片-剧情片视频网址大全全集观看 2026-04-21 素人女优 亚洲国产色美女在线观看-完整版高清全集国语版 2026-04-24 素人女优 小仓由菜无码aV在线资源-手机电影嘟嘟动漫网 wrap-172 2026-04-18 素人女优 隆胸欧美av主角-免费韩剧免费播放完整版 2026-04-24 素人女优 手机可以免费观看的毛片A片-神马搜索迅雷电影在线 2026-04-22 素人女优 一级黃色录像-高清版完整版BD高清中字高清播放 opt-181 2026-04-24 素人女优 一卡二卡三卡在线播放-高清欧美日韩小视频 2026-04-22 init-185 素人女优 精品人妻无码一区二区三区古塔尼-全集无删减在线手机播放 2026-04-25 素人女优 中文字幕一区二区三区视频播放-没有存在感的男人续集1 2026-04-19 素人女优 【精品国产】乱子伦-续集国语版中文版 2026-04-24 亚洲系列 act-199 亚洲系列 成都电影免费播放在线观看-高清视频下载普通话在线完整版 stab-200 2026-04-18 亚洲系列 日韩操片穿搭在线观看-高清日韩电视剧在线观看 2026-04-24 亚洲系列 松岛17分钟强烈羞辱丨Vk-无限资源全集国语版 2026-04-18 亚洲系列 日韩欧美 手机在线-手机正片国语版在线观看免费 2026-04-18 亚洲系列 欧美一级侏儒毛片-西瓜完整版BD高清中字 2026-04-20 opt-213 亚洲系列 性感丰满的少妇黄色网站-高清全集无删减在线播放播放 2026-04-18 亚洲系列 山村肥岳肉蚌丰满浑圆大屁股视频-迅雷免费在线观看 2026-04-25 state-219 亚洲系列 一级毛片在线完整观看-国语英语双字版嘟嘟动漫网 2026-04-22 亚洲系列 高龄皇帝大肚子挺着大肚子-cctv5在线直播免费观看 2026-04-18 cache-225 亚洲系列 国产福利姬G奶紧身包臀裙-吉吉电影?视频高清在线观看播放 2026-04-21 亚洲系列 日本熟妇毛耸耸xXxXxX-中国新相亲第二季 2018 2026-04-18 亚洲系列 水滴摄像头视频集锦-迅雷会员完整视频观看 2026-04-17 state-235 小众口味 小众口味 巨大疯狂拳交妓女-国产电影视频全集全集观看 2026-04-20 小众口味 波多野结衣潜藏婬欲在线播放-私人影视全集国语版在线观看 2026-04-18 inst-244 小众口味 看美女裸体毛片一级视频-在线全集欧美精品免费播放 2026-04-23 小众口味 手机毛片在线观看主播-疯狂动物城(普通话版) 2026-04-21 小众口味 暖暖在线看无码视频-无需下载欧美美女色图 2026-04-19 ctx-253 小众口味 日韩三级电影视频-手机影视西瓜视频在线观看 2026-04-24 小众口味 国产AV视频地址-免费欧美普通话在线完整版高清在线 2026-04-20 hand-259 小众口味 麻豆入口免费-自制国语版全集 2026-04-24 小众口味 古瀬玲在线无码精品-于连仲 李贞贤 陈瑞凯 2026-04-24 小众口味 黄色视频毛片同性恋中国-2025高清国语版电影完整版 2026-04-22 wrap-268 小众口味 年轻情侣主圣水调教vk-研究生的沉沦第7集 2026-04-22 小众口味 亚洲人最喜欢的欧美av-日韩电影迅雷电影在线 2026-04-24 上一页 param-278 1 2 stab-280 3 4 5 6 7 8 下一页 opt-293 版权所有 © 2026 潮樱AV 保留所有权利 网站地图",0,0,0,0,text/html,
http://bbmaconline.com/,1,http://bbmaconline.com/signin.php,200,651,Sign In,Sign In ล็อคอินเพื่อเข้าใช้งาน ชื่อผู้ใช้งาน รหัสผ่าน เข้าสู่ระบบ,1,1,0,0,text/html,
http://36593650.com/,1,https://36593650.com:8989/verify-page/index.html,200,982,验证,验证 提交 进入网站 在线客服,0,0,0,0,text/html,
http://www.3656v.net/,1,http://www.3656v.net/,200,812,3656v.net,3656v.net Click here to enter,0,0,0,0,text/html,
http://dhlcvgjobs.com/,1,https://dhlcvgjobs.com/,200,2334,,,0,0,0,0,text/html,
http://vip3659a.com/,1,https://vip3659a.com:8989/verify-page/index.html,200,1636,验证,验证 提交 进入网站 在线客服,0,0,0,0,text/html,
http://amidabuli.com/,1,https://amidabuli.com/,200,1549,GMX - Mein GMX,"GMX - Mein GMX Zum Inhalt zur GMX Homepage Hilfe | Accesskey-Übersicht Sie sind hier: GMX Homepage GMX Login Um das GMX zu nutzen, loggen Sie sich bitte ein: Loginformular für den GMX Dienst E-Mail: Passwort: Passwort vergessen? Sie haben noch kein GMX Postfach? Ob zu Hause, im Büro oder auf dem Handy: Millionen mailen mit GMX FreeMail - kostenlos! Infos zu GMX FreeMail und anmelden! ©2015 GMX | Über GMX | Impressum | Datenschutzhinweis | Presse | Karriere | Werben auf GMX",1,1,0,0,text/html,
http://www.3659nn.cc,1,http://www.3659nn.cc,200,1305,太阳成城(集团)有限公司-officialwebsite,"太阳成城(集团)有限公司-officialwebsite jiang.ziyan@ksymdl.com +86-0411-87612098 首页 关于我们 发展历程 太阳成城品牌介绍 我们业务 产品展示 社会责任 联系我们 jiang.ziyan@ksymdl.com +86-0411-87612098 keyboard_arrow_left keyboard_arrow_right keyboard_arrow_down 关于我们 太阳成城(集团)有限公司是日本株式会社恩瓦德樫山的全资子公司，日本恩瓦德樫山创立于1927年，距今已有近百年的历史。 公司采用国际上最先进的个性化智能量体吊挂生产系统，更在业内首次实现定制西装，从量体完成后一周到达终端客户手中的高效服务。公司装配了全球领先的智能柔性服装生产线，并结合多项最新IT技术，实现了自动下单、自动备料、自动裁剪、自动配货、自动出货和精准熨烫，生产效率和产品质量都得到很大提高。 公司实现了小批量、高品质、多品种、短周期的现代化生产经营模式，有能力满足客户对质量、交期的严苛要求。 更多>> 我们业务 西服定制 订购了一套定制西服，量体顾问根据顾客的要求挑选不同型番的样衣，并且顾客也可以调整选定样衣的OPS特殊样式，量体顾问采集顾客的要尺数据，确定西服的规格、型番以及OPS样式，顾客进行支付西服的费用，之后顾客就可以在家中等待西服,七天之后送达。 小批量团单 针对服装团单定制主要目标就是做到业务的快速相应,提供短期交货期业务能力。有海量样版，每个款式只要建立一个基础样版即可。无缝对接电子尺量体系统，可快速、准确地完成团体定制订单。 定制加盟店 量体师按照顾客进行推荐定制西服的方案，但是在面料方面，包括可供面料和工厂面料。量体师通过系统标注客户的特殊需求以及面料的来源。面料的来源不同，意味着工厂进入生产环节，所需的工期不同，并且客供面料的需要进行面料检测，针对不同面料的材质不同，有对应不同的处理方式。 电商平台 通过电商平台+公众账号+微购物平台做入口，实现营销、新品宣传、门店位置查询、手机购物等功能。之后将专门为门店导购开发了一个导购平台，让门店内的每个导购都同时成为在线的顾客私人导购。 八 步 完 美 解 决 定制量体 定制量体 选定样板 选定样板 精选布料 精选布料 精准剪裁 精准剪裁 按需制作 按需制作 制作成型 制作成型 产品检验 产品检验 跟踪售后 跟踪售后 量体定制 高端西服量身定制，量身后7个工作日到货，我们提供量体、试衣及修改服务。保管您合体的剪裁数据，可以在您有定制需求时提供，西服定制顾问将根据场合特点给予建议并设计出满意的方案！ 品牌阵容 太阳成城(集团)有限公司 工作时间 周一 ~ 周五 7 : 30 ~ 16 : 30 联系我们 地址：辽宁省大连经济技术开发区铁山西路9-5号 电话：0411-87612098 邮箱：jiang.ziyan@ksymdl.com 友情链接： 抖音 优酷 央视 人人网 QQ音乐 东方财富 4399小游戏",0,0,0,0,text/html,
http://mail.hoho.renm4maxys.com/index.php,1,,0,15482,,,0,0,0,0,,timeout
http://kissr.com/,1,https://www.site44.com/,200,1719,site44 - absurdly simple web hosting,"site44 - absurdly simple web hosting site44 Sign In Site44 turns Dropbox folders into websites. Edit your HTML locally, and your website will always be up-to-date. Sign up for the personal plan: 10 websites and 10GB of monthly traffic for only $4.95 per month . Start your 30-day free trial! How it works Sign in Sign in with Dropbox and grant Site44 access. Create your site Pick a name and create a new website. (We support free site44.com subdomains and custom domains.) Check that out! Site44 created a new folder for the website in your Dropbox. Edit your site Modify the folder's contents, and your changes are immediately live. Still have questions? Learn more. Here's what our users are saying: Wow! site44.com Very simple and brilliant idea to host websites – keep it up! @site44 @anton_meier Whoever thought up this absurdly simple web hosting idea sitting on top of Dropbox is BRILLIANT! site44.com @bryanfuhr site44 syncs with @dropbox to make a dbox folder into a web site. slick, easy, brainless. awesome. site44.com @colindean Host a small site from your dropbox acct - site44.com Finally, somebody figured it out. @nola_will Hard to see how I’d ask @site44 to improve on their service. Faster & easier than Scriptogram, & supports redirects & custom MIME types. @TJLuoma This is an unbelievably bad ass tool. Static sites served up from your @Dropbox account with custom domains! site44.com @FSTylerK Documentation Learn more about Site44 Advanced features Pricing Legal Stuff Terms of Use Privacy Policy Contact support@site44.com @site44 © Planet Rational 2013-2021",0,0,0,0,text/html,
http://vip3659q.com/,1,https://vip3659q.com:8989/verify-page/index.html,200,869,验证,验证 提交 进入网站 在线客服,0,0,0,0,text/html,
http://mail.elseref.com/,1,https://mail.elseref.com/,200,1404,Coming Soon,Coming Soon,0,0,0,0,text/html,
http://eucv.xyz,1,http://eucv.xyz,200,729,,,0,0,0,0,text/html,
http://geoquaye.com/,1,,0,26466,,,0,0,0,0,,timeout
http://amirhameed.com/,1,https://amirhameed.com/,200,1447,Amir Hameed | That's me,"Amir Hameed | That's me Master knowledge through engaging quizzes - learn smarter, not harder! Try Excited Gem Paxamir About Portfolio Contact AMIR HAMEED Blog Design General inspiration Memories Photography Page of My Diary Science Tutorial Technology Writings Free quote Hello, I’m Amir, a seasoned graphic designer, UX/UI expert, and front-end developer based in Lahore, Pakistan. With over a decade of experience in graphic design, teaching, and frontend development, I have a unique blend of creativity and technical expertise, enabling me to create visually stunning and highly functional digital experiences. Professional Journey My career began with a love for drawing and calligraphy, which naturally evolved into a passion for graphic design. Over the years, I expanded my skills to include web development, UX/UI design, and teaching. Here’s a snapshot of my journey: Graphic Design: Over 10 years of experience creating print, web, and TV designs. Teaching: More than a decade of teaching experience in subjects such as science, graphic design, 3D modeling, animation, and front-end development. Key Positions: Associate Architect of Front-end Design and Development at Codehoppers (2013-2023): Focused on design, branding, UI/UX, and front-end development. Senior Front-end Developer at IT22 (2023-Present): Leading projects in UX/UI and front-end development, ensuring creative and robust solutions. Throughout my career, I have had the privilege of working on various projects, including branding for media, websites for artists, and dynamic web applications. Skills and Expertise I pride myself on a diverse skill set encompassing creative and technical domains. Here are some of the key skills I bring to the table: Graphic Design Print, Web, and TV design Branding and Identity 3D Modeling, Animation, Lighting "" Fun Fact: I started using Photoshop in 2002 with version 6.5"" Teaching Science Graphic Design 3D Modeling and Animation Front-end Development Frontend Development HTML, CSS, Sass/SCSS "" Fun Fact: ""I learned HTML in 2001 for the first time"""" JavaScript, jQuery React, React Native, Redux, Next.js Bootstrap, Ant Design, Material Design, Tailwind Webpack, Vite Backend Development Java PHP (WordPress, Codeigniter, Laravel) Python Ruby on Rails Other Technical Skills Bash scripting WordPress development Skills and Expertise I pride myself on a diverse skill set encompassing creative and technical domains. Here are some of the key skills I bring to the table: Graphic Design Print, Web, and TV design Branding and Identity 3D Modeling, Animation, Lighting "" Fun Fact: I started using Photoshop in 2002 with version 6.5"" Teaching Science Graphic Design 3D Modeling and Animation Front-end Development Frontend Development HTML, CSS, Sass/SCSS "" Fun Fact: I learned HTML in 2001 for the first time"" JavaScript, jQuery React, React Native, Redux, Next.js Bootstrap, Ant Design, Material Design, Tailwind Webpack, Vite Backend Development Java PHP (WordPress, Codeigniter, Laravel) Python Ruby on Rails Other Technical Skills Bash scripting WordPress development My Approach Combining creativity with technical precision, my approach is centered around understanding the client's vision and transforming it into a compelling digital experience. I believe in: User-Centric Design: Prioritizing user experience in every project. Collaborative Development: Working closely with clients and team members. Continuous Learning: Staying updated with the latest trends and technologies to deliver cutting-edge solutions. Projects and Achievements Over the years, I have worked on numerous projects that span various industries and platforms. Some highlights include: Branding and Design: Created comprehensive branding packages for media outlets and TV channels. Web Development: Developed dynamic websites for artists and businesses, focusing on performance and scalability. 3D Modeling and Animation: Produced 3D models, animations, and lighting for various projects. Teaching a",0,0,0,0,text/html,
http://redknibbles.com/huj/index.html,1,https://redknibbles.com/huj/index.html,200,1438,Messages | Made ln Chlna,"Messages | Made ln Chlna English Need Help? Live Chat English Need Help? Live Chat Email Address or Member ID Wrong password. Please try again Account does not exist. Password Sign In Forgot your password? New User? Join Free Sign in with About Us FAQ Help Site Map Contact Us Mobile Site Terms & Conditions Declaration Privacy Policy Copyright © 1998-2021 Focus Technology Co., Ltd. All Rights Reserved.",1,1,1,0,text/html,
http://auth.gg,1,https://auth.gg/,200,2455,Auth.GG - Rock-solid software licensing solution,"Auth.GG - Rock-solid software licensing solution About Integrations Pricing Customers Changelog Sign in Sign up -> Menu About Integrations Pricing Customers Changelog Auth.GG powers over 140k secure users -> Authentication. Licensing. Control. Advanced licensing and authentication made easy. From key-based login to HWID locking and webhook tracking, Auth.GG is the platform of choice. Start Securing -> View Docs The security first platform Powerful authentication tools, HWID locking, user tracking, and key-based licensing. Generate license keys, lock to hardware IDs, log actions, and protect your software with ease. Simplify your security HWID Locking Key-Based Authentication Developer-first. Security-focused. Designed for performance and built with simplicity. Everything you need to secure and manage users. License & Auth, Reinvented Instant key auth, secure API endpoints, full admin dashboard, and detailed logs — all in one place. Learn more -> Complete Licensing Suite Generate, validate, and revoke licenses instantly with full dashboard and API access. Webhook & Log Tracking Monitor user actions, login locations, and trigger custom webhooks on key events. The security first platform Seamless Login. Bulletproof Security. Auth.GG gives you the tools to monitor, react, and scale your app security with confidence. The security first platform Track usage. Block threats. Stay ahead. Auth.GG gives you the tools to monitor, react, and scale your app security with confidence. Key-Based Authentication Secure your software with unique license keys. Easily validate, activate, and restrict access with minimal setup. Learn More -> HWID Locking Bind licenses to specific hardware IDs to prevent sharing and piracy. Ensure each user is verified and tied to one machine. Learn More -> Webhook Logging Track logins, invalid attempts, and key usage in real-time. Instantly push events to Discord or other services. Learn More -> Blacklist Management Quickly block users by IP, HWID, or username. Maintain full control over who accesses your software. Learn More -> REST API Seamlessly connect Auth.GG with your applications and platforms using our full-featured REST API. Learn More -> Previous Next Why developers trust Auth.GG Auth.GG is trusted by desktop and mobile software developers to secure their applications efficiently, saving time and reducing development costs. User Management User Portal Users can manage their account information on your custom application portal. User Logs Protect users accounts and your software, monitor user activity effortessly. Powerful search AI enhanced searching to find users accurately without compromising time. Software Protection License Security Protect your software with licenses that bind to user hardware to prevent sharing. Real-time updates Application auto-updates and is constantly in sync with our servers. Server-sided Variables Store variables server-sided to prevent decompilation. Standard Security API Security Secure API traffic from your software to your dashboard. End to End encryption Prevent data tampering with our custom end-to-end encryptions Hardware Lock Lock the user credentials to the specific hardware device that registered. Pricing plans Flexible plans and features Auth.GG gives you the tools to monitor, react, and scale your app security with confidence. Monthly Free $ 0 /mo Essentials for launching and testing your app securely. Start Securing -> Premium $ 15 /mo Advanced features for growing teams and real-world deployments. Start Securing -> Enterprise $ 25 /mo Full platform access, and priority support. Start Securing -> Usage Usage Usage Usage Applications 1 Applications 2 Applications Unlimited* Applications Users 25 Users 300 Users Unlimited* Users Variables 5 Variables 10 Variables Unlimited* Variables Licenses 25 Licenses 300 Licenses Unlimited* Licenses Features Features Features Features Client Portal Client Portal Client Portal API Key API Key API Key Extra Add-ons Extra Add-ons E",0,0,0,0,text/html,
